food_id,food_name_ar,food_name_en,category_path,food_form_code,data_source_code,external_ref,notes
,أرز,Rice,,raw,usda_fdc_sr_legacy,169760,"FDC: Rice, white, medium-grain, raw, unenriched (published 2019-04-01)"
,أرز,Rice,,cooked,usda_fdc_sr_legacy,169757,"FDC: Rice, white, long-grain, regular, unenriched, cooked without salt (published 2019-04-01)"
,برغل,Bulgur wheat,,raw,usda_fdc_sr_legacy,170688,"FDC: Bulgur, dry (published 2019-04-01)"
,برغل,Bulgur wheat,,cooked,usda_fdc_sr_legacy,170287,"FDC: Bulgur, cooked (published 2019-04-01)"
,قمح,Wheat,,raw,usda_fdc_sr_legacy,169721,"FDC: Wheat, durum (published 2019-04-01)"
,طحين قمح,Wheat flour,,as_sold,usda_fdc_sr_legacy,169761,"FDC: Wheat flour, white, all-purpose, unenriched (published 2019-04-01)"
,خبز عربي,Pita bread,,as_sold,usda_fdc_sr_legacy,172816,"FDC: Bread, pita, white, unenriched (published 2019-04-01)"
,عدس,Lentils,,raw,usda_fdc_sr_legacy,172420,"FDC: Lentils, raw (published 2019-04-01)"
,عدس,Lentils,,boiled,usda_fdc_sr_legacy,172421,"FDC: Lentils, mature seeds, cooked, boiled, without salt (published 2019-04-01)"
,فاصولياء بيضاء,White beans,,raw,usda_fdc_sr_legacy,175202,"FDC: Beans, white, mature seeds, raw (published 2019-04-01)"
,فاصولياء بيضاء,White beans,,boiled,usda_fdc_sr_legacy,175203,"FDC: Beans, white, mature seeds, cooked, boiled, without salt (published 2019-04-01)"
,فول,Fava beans,,raw,usda_fdc_sr_legacy,175205,"FDC: Broadbeans (fava beans), mature seeds, raw (published 2019-04-01)"
,فول,Fava beans,,boiled,usda_fdc_sr_legacy,173753,"FDC: Broadbeans (fava beans), mature seeds, cooked, boiled, without salt (published 2019-04-01)"
,بازلاء,Green peas,,raw,usda_fdc_sr_legacy,170419,"FDC: Peas, green, raw (published 2019-04-01)"
,بازلاء,Green peas,,boiled,usda_fdc_sr_legacy,170420,"FDC: Peas, green, cooked, boiled, drained, without salt (published 2019-04-01)"
,بطاطا,Potatoes,,raw,usda_fdc_sr_legacy,170026,"FDC: Potatoes, flesh and skin, raw (published 2019-04-01)"
,بطاطا,Potatoes,,boiled,usda_fdc_sr_legacy,170440,"FDC: Potatoes, boiled, cooked without skin, flesh, without salt (published 2019-04-01)"
,بندورة,Tomatoes,,raw,usda_fdc_sr_legacy,170457,"FDC: Tomatoes, red, ripe, raw, year round average (published 2019-04-01)"
,بصل,Onions,,raw,usda_fdc_sr_legacy,170000,"FDC: Onions, raw (published 2019-04-01)"
,بصل,Onions,,boiled,usda_fdc_sr_legacy,170001,"FDC: Onions, cooked, boiled, drained, without salt (published 2019-04-01)"
,ثوم,Garlic,,raw,usda_fdc_sr_legacy,169230,"FDC: Garlic, raw (published 2019-04-01)"
,خيار,Cucumber,,raw,usda_fdc_sr_legacy,168409,"FDC: Cucumber, with peel, raw (published 2019-04-01)"
,كوسا,Zucchini,,raw,usda_fdc_sr_legacy,169291,"FDC: Squash, summer, zucchini, includes skin, raw (published 2019-04-01)"
,كوسا,Zucchini,,boiled,usda_fdc_sr_legacy,169292,"FDC: Squash, summer, zucchini, includes skin, cooked, boiled, drained, without salt (published 2019-04-01)"
,باذنجان,Eggplant,,raw,usda_fdc_sr_legacy,169228,"FDC: Eggplant, raw (published 2019-04-01)"
,باذنجان,Eggplant,,boiled,usda_fdc_sr_legacy,169229,"FDC: Eggplant, cooked, boiled, drained, without salt (published 2019-04-01)"
,سبانخ,Spinach,,raw,usda_fdc_sr_legacy,168462,"FDC: Spinach, raw (published 2019-04-01)"
,سبانخ,Spinach,,boiled,usda_fdc_sr_legacy,168463,"FDC: Spinach, cooked, boiled, drained, without salt (published 2019-04-01)"
,جزر,Carrots,,raw,usda_fdc_sr_legacy,170393,"FDC: Carrots, raw (published 2019-04-01)"
,جزر,Carrots,,boiled,usda_fdc_sr_legacy,170394,"FDC: Carrots, cooked, boiled, drained, without salt (published 2019-04-01)"
,ملفوف,Cabbage,,raw,usda_fdc_sr_legacy,169975,"FDC: Cabbage, raw (published 2019-04-01)"
,ملفوف,Cabbage,,boiled,usda_fdc_sr_legacy,169976,"FDC: Cabbage, cooked, boiled, drained, without salt (published 2019-04-01)"
,تفاح,Apple,,raw,usda_fdc_sr_legacy,171688,"FDC: Apples, raw, with skin (Includes foods for USDA's Food Distribution Program) (published 2019-04-01)"
,برتقال,Orange,,raw,usda_fdc_sr_legacy,169097,"FDC: Oranges, raw, all commercial varieties (published 2019-04-01)"
,موز,Banana,,raw,usda_fdc_sr_legacy,173944,"FDC: Bananas, raw (published 2019-04-01)"
,عصير ليمون,Lemon juice,,raw,usda_fdc_sr_legacy,167747,"FDC: Lemon juice, raw (published 2019-04-01)"
,تمر,Dates,,dried,usda_fdc_sr_legacy,168191,"FDC: Dates, medjool (published 2019-04-01)"
,لحم غنم مفروم,Ground lamb,,raw,usda_fdc_sr_legacy,174370,"FDC: Lamb, ground, raw (published 2019-04-01)"
,لحم غنم مفروم,Ground lamb,,grilled,usda_fdc_sr_legacy,172544,"FDC: Lamb, ground, cooked, broiled (published 2019-04-01)"
,بيض,Egg,,raw,usda_fdc_sr_legacy,171287,"FDC: Egg, whole, raw, fresh (published 2019-04-01)"
,بيض,Egg,,boiled,usda_fdc_sr_legacy,173424,"FDC: Egg, whole, cooked, hard-boiled (published 2019-04-01)"
,لبن/زبادي,Yogurt,,as_sold,usda_fdc_sr_legacy,171284,"FDC: Yogurt, plain, whole milk (published 2019-04-01)"
,زيت زيتون,Olive oil,,as_sold,usda_fdc_sr_legacy,171413,"FDC: Oil, olive, salad or cooking (published 2019-04-01)"
